{
  "Total" : {
    "transaction" : "Total",
    "sampleCount" : 498,
    "errorCount" : 0,
    "errorPct" : 0.0,
    "meanResTime" : 625.2108433734937,
    "medianResTime" : 315.0,
    "minResTime" : 298.0,
    "maxResTime" : 1772.0,
    "pct1ResTime" : 1256.1,
    "pct2ResTime" : 1267.05,
    "pct3ResTime" : 1298.03,
    "throughput" : 7.586952878623989,
    "receivedKBytesPerSec" : 6.37006962324228,
    "sentKBytesPerSec" : 2.292576393226588
  },
  "Create Booking" : {
    "transaction" : "Create Booking",
    "sampleCount" : 166,
    "errorCount" : 0,
    "errorPct" : 0.0,
    "meanResTime" : 311.24698795180745,
    "medianResTime" : 311.0,
    "minResTime" : 299.0,
    "maxResTime" : 340.0,
    "pct1ResTime" : 319.0,
    "pct2ResTime" : 321.0,
    "pct3ResTime" : 329.95000000000016,
    "throughput" : 2.7674046412376634,
    "receivedKBytesPerSec" : 2.481651357028541,
    "sentKBytesPerSec" : 1.1234441163476927
  },
  "Login" : {
    "transaction" : "Login",
    "sampleCount" : 166,
    "errorCount" : 0,
    "errorPct" : 0.0,
    "meanResTime" : 1252.2289156626498,
    "medianResTime" : 1247.5,
    "minResTime" : 1192.0,
    "maxResTime" : 1772.0,
    "pct1ResTime" : 1275.6,
    "pct2ResTime" : 1288.0,
    "pct3ResTime" : 1772.0,
    "throughput" : 2.7245720288213766,
    "receivedKBytesPerSec" : 2.0515714502601474,
    "sentKBytesPerSec" : 0.7609644533622204
  },
  "Search Booking" : {
    "transaction" : "Search Booking",
    "sampleCount" : 166,
    "errorCount" : 0,
    "errorPct" : 0.0,
    "meanResTime" : 312.1566265060244,
    "medianResTime" : 311.0,
    "minResTime" : 298.0,
    "maxResTime" : 334.0,
    "pct1ResTime" : 321.3,
    "pct2ResTime" : 328.0,
    "pct3ResTime" : 333.33000000000004,
    "throughput" : 2.7075517860055456,
    "receivedKBytesPerSec" : 2.353115825313978,
    "sentKBytesPerSec" : 0.5990942546077311
  }
}