{
  "Total" : {
    "transaction" : "Total",
    "sampleCount" : 10200,
    "errorCount" : 13,
    "errorPct" : 0.12745099,
    "meanResTime" : 655.6357843137243,
    "medianResTime" : 319.0,
    "minResTime" : 295.0,
    "maxResTime" : 9249.0,
    "pct1ResTime" : 1279.0,
    "pct2ResTime" : 1300.0,
    "pct3ResTime" : 1644.9199999999983,
    "throughput" : 5.081786875837,
    "receivedKBytesPerSec" : 4.265902412005373,
    "sentKBytesPerSec" : 1.5352501050298233
  },
  "Create Booking" : {
    "transaction" : "Create Booking",
    "sampleCount" : 3400,
    "errorCount" : 1,
    "errorPct" : 0.029411765,
    "meanResTime" : 330.722647058824,
    "medianResTime" : 313.0,
    "minResTime" : 296.0,
    "maxResTime" : 6314.0,
    "pct1ResTime" : 328.0,
    "pct2ResTime" : 341.0,
    "pct3ResTime" : 417.9899999999998,
    "throughput" : 1.697033585292908,
    "receivedKBytesPerSec" : 1.5217335644168992,
    "sentKBytesPerSec" : 0.6881837735138977
  },
  "Login" : {
    "transaction" : "Login",
    "sampleCount" : 3400,
    "errorCount" : 1,
    "errorPct" : 0.029411765,
    "meanResTime" : 1306.3920588235287,
    "medianResTime" : 1262.0,
    "minResTime" : 1188.0,
    "maxResTime" : 9249.0,
    "pct1ResTime" : 1315.0,
    "pct2ResTime" : 1435.7999999999993,
    "pct3ResTime" : 2304.7599999999948,
    "throughput" : 1.698669092765818,
    "receivedKBytesPerSec" : 1.2795760654339825,
    "sentKBytesPerSec" : 0.4744329692685781
  },
  "Search Booking" : {
    "transaction" : "Search Booking",
    "sampleCount" : 3400,
    "errorCount" : 11,
    "errorPct" : 0.32352942,
    "meanResTime" : 329.7926470588235,
    "medianResTime" : 314.0,
    "minResTime" : 295.0,
    "maxResTime" : 6328.0,
    "pct1ResTime" : 329.0,
    "pct2ResTime" : 343.0,
    "pct3ResTime" : 422.9399999999987,
    "throughput" : 1.6982329885753873,
    "receivedKBytesPerSec" : 1.47468482871697,
    "sentKBytesPerSec" : 0.3761696306555529
  }
}